Players,Clubs,Position,Total,Goals,A,Yellow,Yellow - Red,Red,Start,Sub,CO,Off,Pen S,Pen SV,Pen M,Pen C,OG,More
Steve Cook,AFC Bournemouth,Defender,38,2,0,5,0,0,38,0,0,0,0,0,0,0,1,More
Cesar Azpilicueta,Chelsea,Defender,38,1,4,4,0,0,38,0,0,0,0,0,0,0,0,More
Ben Gibson,Middlesbrough,Defender,38,1,1,4,0,0,38,0,0,0,0,0,0,0,0,More
Joel Ward,Crystal Palace,Defender,38,0,1,7,0,0,38,0,0,1,0,0,0,0,0,More
Heurelho Gomes,Watford,Goalkeeper,38,0,0,1,0,0,38,0,0,2,0,1,0,3,1,More
Ben Foster,West Bromwich Albion,Goalkeeper,38,0,0,2,0,0,38,0,0,0,0,0,0,3,0,More
Fraser Forster,Southampton,Goalkeeper,38,0,0,3,0,0,38,0,0,0,0,1,2,6,0,More
Gylfi Sigurdsson,Swansea City,Midfielder,38,9,13,2,0,0,37,1,1,2,3,0,0,0,0,More
Darren Fletcher,West Bromwich Albion,Midfielder,38,2,3,0,0,0,37,1,1,5,0,0,0,0,0,More
Alexis Sanchez,Arsenal,Forward,38,24,11,6,0,0,36,2,2,8,2,0,1,0,0,More
Salomon Rondon,West Bromwich Albion,Forward,38,8,2,2,0,0,32,6,6,11,0,0,0,0,0,More
Jermain Defoe,Sunderland,Forward,37,15,2,1,0,0,37,0,0,2,5,0,0,0,0,More
Etienne Capoue,Watford,Midfielder,37,7,1,5,0,0,37,1,0,10,0,0,0,0,0,More
Craig Dawson,West Bromwich Albion,Defender,37,4,0,10,0,0,37,0,0,2,0,0,0,0,0,More
Stephen Ward,Burnley,Defender,37,1,1,5,0,0,37,0,0,3,0,0,0,0,0,More
Nathaniel Clyne,Liverpool,Defender,37,0,2,0,0,0,37,0,0,1,0,0,0,0,0,More
Lukasz Fabianski,Swansea City,Goalkeeper,37,0,0,1,0,0,37,0,0,0,0,1,1,6,0,More
Romelu Lukaku,Everton,Forward,37,25,6,3,0,0,36,1,1,2,1,0,0,0,0,More
Gary Cahill,Chelsea,Defender,37,6,0,5,0,0,36,2,1,1,0,0,0,0,1,More
Sam Clucas,Hull City,Midfielder,37,3,1,9,0,1,36,1,1,6,0,0,0,0,0,More
Dele Alli,Tottenham Hotspur,Midfielder,37,18,7,4,0,0,35,2,2,13,1,0,0,0,0,More
Jake Livermore,Hull City,Midfielder,37,1,1,5,0,1,35,3,2,7,0,0,0,0,0,More
Nathan Redmond,Southampton,Midfielder,37,7,1,2,0,1,32,5,5,11,0,0,0,0,0,More
Troy Deeney,Watford,Forward,37,10,4,7,0,0,31,7,6,3,3,0,0,0,1,More
Sam Vokes,Burnley,Forward,37,10,3,0,0,0,21,16,16,7,2,0,0,0,0,More
Eden Hazard,Chelsea,Midfielder,36,16,7,3,0,0,36,0,0,25,2,0,1,0,0,More
Christian Benteke,Crystal Palace,Forward,36,15,2,10,0,0,36,0,0,7,2,0,2,0,0,More
Christian Eriksen,Tottenham Hotspur,Midfielder,36,8,15,0,0,0,36,2,0,10,0,0,0,0,0,More
James Milner,Liverpool,Midfielder,36,7,3,5,0,0,36,0,0,6,7,0,1,0,0,More
Gareth McAuley,West Bromwich Albion,Defender,36,6,1,5,0,0,36,0,0,3,0,0,0,0,1,More
Matthew Lowton,Burnley,Defender,36,0,2,9,0,0,36,1,0,0,0,0,0,0,0,More
Thibaut Courtois,Chelsea,Goalkeeper,36,0,0,1,0,0,36,0,0,0,0,0,0,2,0,More
Victor Wanyama,Tottenham Hotspur,Midfielder,36,4,1,10,0,0,35,1,1,5,0,0,0,0,0,More
Christian Fuchs,Leicester City,Defender,36,2,4,10,0,0,35,1,1,2,0,0,0,0,0,More
Ashley Williams,Everton,Defender,36,1,3,7,0,1,35,1,1,0,0,0,0,0,0,More
Jason Puncheon,Crystal Palace,Midfielder,36,0,5,9,0,0,35,1,1,6,0,0,0,0,0,More
Nacho Monreal,Arsenal,Defender,36,0,2,5,0,0,35,2,1,1,0,0,0,0,0,More
Erik Pieters,Stoke City,Defender,36,0,1,4,0,0,35,3,1,0,0,0,0,0,0,More
Joe Allen,Stoke City,Midfielder,36,6,2,9,0,0,34,2,2,8,0,0,0,0,0,More
Eric Dier,Tottenham Hotspur,Midfielder,36,2,0,6,0,0,34,3,2,3,0,0,0,0,0,More
Adam Smith,AFC Bournemouth,Defender,36,1,5,6,0,0,34,2,2,0,0,0,0,0,1,More
Alvaro Negredo,Middlesbrough,Forward,36,9,4,5,0,0,33,4,3,13,2,0,0,0,0,More
Kevin De Bruyne,Manchester City,Midfielder,36,6,18,4,0,0,33,4,3,11,0,0,1,0,0,More
Georginio Wijnaldum,Liverpool,Midfielder,36,6,9,2,0,0,33,4,3,9,0,0,0,0,0,More
Riyad Mahrez,Leicester City,Midfielder,36,6,3,4,0,0,33,3,3,15,3,0,1,0,0,More
George Boyd,Burnley,Midfielder,36,2,1,3,0,0,33,3,3,12,0,0,0,0,0,More
Ross Barkley,Everton,Midfielder,36,5,8,5,0,0,32,6,4,13,0,0,0,0,0,More
Joshua King,AFC Bournemouth,Forward,36,16,2,1,0,0,31,5,5,13,2,0,1,0,0,More
Andros Townsend,Crystal Palace,Midfielder,36,3,4,4,0,0,30,7,6,15,0,0,0,0,0,More
 Diego Costa,Chelsea,Forward,35,20,7,10,0,0,35,1,0,8,0,0,1,0,0,More
Michael Keane,Burnley,Defender,35,2,1,4,0,0,35,0,0,0,0,0,0,0,0,More
Ryan Shawcross,Stoke City,Defender,35,1,1,6,0,0,35,0,0,0,0,0,0,0,2,More
N'Golo Kante,Chelsea,Midfielder,35,1,1,9,0,0,35,1,0,1,0,0,0,0,0,More
Bruno Martins Indi,Stoke City,Defender,35,1,0,5,0,0,35,0,0,1,0,0,0,0,0,More
Oriol Romeu,Southampton,Midfielder,35,1,0,11,0,0,35,0,0,1,0,0,0,0,0,More
David De Gea,Manchester United,Goalkeeper,35,0,0,2,0,0,35,0,0,0,0,0,0,4,0,More
Artur Boruc,AFC Bournemouth,Goalkeeper,35,0,0,2,0,0,35,0,0,0,0,2,0,2,0,More
Tom Heaton,Burnley,Goalkeeper,35,0,0,1,0,0,35,0,0,0,0,1,0,4,0,More
Petr Cech,Arsenal,Goalkeeper,35,0,0,2,0,0,35,0,0,1,0,0,0,9,1,More
Roberto Firmino,Liverpool,Midfielder,35,11,7,5,0,0,34,1,1,7,0,0,0,0,0,More
Wilfred Zaha,Crystal Palace,Forward,35,7,9,8,0,0,34,1,1,7,0,0,0,0,0,More
Danny Simpson,Leicester City,Defender,35,0,2,12,0,0,34,3,1,3,0,0,0,0,0,More
Jamie Vardy,Leicester City,Forward,35,13,5,2,0,1,33,2,2,8,0,0,0,0,0,More
Harry Arter,AFC Bournemouth,Midfielder,35,1,4,12,1,0,33,3,2,4,0,0,1,0,0,More
Manuel Lanzini,West Ham United,Midfielder,35,8,2,9,0,0,31,4,4,13,2,0,0,0,0,More
Nemanja Matic,Chelsea,Midfielder,35,1,7,4,0,0,30,6,5,7,0,0,0,0,0,More
Robert Snodgrass,Hull City,Midfielder,35,7,5,2,0,0,27,8,8,9,2,0,0,0,0,More
 Pedro Rodriguez,Chelsea,Midfielder,35,9,9,6,0,0,26,11,9,20,0,0,0,0,0,More
Kevin Mirallas,Everton,Forward,35,4,6,2,0,0,23,13,12,18,0,0,0,0,0,More
Charlie Daniels,AFC Bournemouth,Defender,34,4,3,1,0,0,34,0,0,0,0,0,0,0,0,More
Ben Mee,Burnley,Defender,34,1,0,5,0,0,34,0,0,1,0,0,0,0,2,More
Simon Francis,AFC Bournemouth,Defender,34,0,1,4,0,1,34,0,0,2,0,0,0,0,0,More
Hugo Lloris,Tottenham Hotspur,Goalkeeper,34,0,0,0,0,0,34,0,0,1,0,0,0,1,0,More
Adam Clayton,Middlesbrough,Midfielder,34,0,2,10,0,0,32,6,2,4,0,0,0,0,0,More
David Silva,Manchester City,Midfielder,34,4,8,6,0,0,31,4,3,11,0,0,0,0,0,More
Adam Forshaw,Middlesbrough,Midfielder,34,0,2,4,0,0,30,8,4,9,0,0,0,0,0,More
Victor Moses,Chelsea,Midfielder,34,3,2,4,0,0,29,6,5,20,0,0,0,0,0,More
Leroy Fer,Swansea City,Midfielder,34,6,2,9,0,0,27,11,7,7,0,0,0,0,0,More
Heung Min Son,Tottenham Hotspur,Midfielder,34,14,6,2,0,0,23,13,11,15,0,0,0,0,0,More
 Willian,Chelsea,Midfielder,34,8,2,3,0,0,15,19,19,13,0,0,0,0,0,More
Divock Origi,Liverpool,Forward,34,7,3,0,0,0,14,24,20,9,0,0,0,0,0,More
James McClean,West Bromwich Albion,Midfielder,34,1,2,9,0,0,13,24,21,8,0,0,0,0,0,More
Jose Holebas,Watford,Defender,33,2,4,14,0,0,33,1,0,5,0,0,0,0,0,More
Robert Huth,Leicester City,Defender,33,2,2,9,0,0,33,0,0,3,0,0,0,0,2,More
Laurent Koscielny,Arsenal,Defender,33,2,0,4,0,1,33,0,0,2,0,0,0,0,0,More
 David Luiz,Chelsea,Defender,33,1,0,6,0,0,33,1,0,2,0,0,0,0,0,More
Jose Fonte,Southampton,Defender,33,0,0,4,0,0,33,3,0,1,0,0,0,0,0,More
Jan Vertonghen,Tottenham Hotspur,Defender,33,0,0,5,0,0,33,0,0,3,0,0,0,0,0,More
Mesut Ozil,Arsenal,Midfielder,33,8,9,2,0,0,32,1,1,8,0,0,0,0,0,More
Marten de Roon,Middlesbrough,Midfielder,33,4,0,8,0,0,32,3,1,5,0,0,0,0,0,More
Sebastian Prodl,Watford,Defender,33,1,1,11,1,0,32,3,1,4,0,0,0,0,0,More
Idrissa Gana Gueye,Everton,Midfielder,33,1,1,11,0,0,32,2,1,8,0,0,0,0,0,More
Andrew Robertson,Hull City,Defender,33,1,2,5,0,0,31,3,2,2,0,0,0,0,0,More
Kyle Walker,Tottenham Hotspur,Defender,33,0,6,8,0,0,31,4,2,5,0,0,0,0,0,More
Dusan Tadic,Southampton,Midfielder,33,3,6,4,0,0,30,3,3,19,1,0,1,0,0,More
Raheem Sterling,Manchester City,Midfielder,33,7,6,7,0,0,29,6,4,13,0,0,0,0,0,More
Marc Albrighton,Leicester City,Midfielder,33,2,6,5,0,0,29,8,4,17,0,0,0,0,0,More
Fernando Llorente,Swansea City,Forward,33,15,1,2,0,0,28,5,5,14,0,0,0,0,0,More
Ahmed Elmohamady,Hull City,Midfielder,33,0,2,3,0,1,28,5,5,1,0,0,0,0,1,More
Hector Bellerin,Arsenal,Defender,33,1,4,4,0,0,27,7,6,1,0,0,0,0,0,More
Claudio Yacob,West Bromwich Albion,Midfielder,33,0,0,9,0,0,27,9,6,6,0,0,0,0,0,More
Gareth Barry,Everton,Midfielder,33,2,1,10,0,0,23,13,10,12,0,0,0,0,0,More
Marko Arnautovic,Stoke City,Midfielder,32,6,5,9,0,1,32,0,0,11,0,0,1,0,0,More
Leighton Baines,Everton,Defender,32,2,3,4,0,0,32,0,0,3,2,0,1,0,0,More
Jeff Hendrick,Burnley,Midfielder,32,2,1,6,0,1,31,1,1,4,0,0,0,0,0,More
 Fernandinho,Manchester City,Midfielder,32,2,1,4,0,2,31,1,1,0,0,0,0,0,0,More
Steven Davis,Southampton,Midfielder,32,0,3,3,0,0,29,5,3,3,0,0,0,0,0,More
Allan Nyom,West Bromwich Albion,Defender,32,0,2,8,0,0,29,7,3,3,0,0,0,0,0,More
Patrick van Aanholt,Sunderland,Defender,32,5,1,3,0,0,28,5,4,4,0,0,0,0,0,More
Granit Xhaka,Arsenal,Midfielder,32,2,2,5,0,2,28,5,4,5,0,0,0,0,0,More
Andre Gray,Burnley,Forward,32,9,3,2,0,0,26,8,6,14,2,0,0,0,0,More
Emre Can,Liverpool,Midfielder,32,5,2,6,0,0,26,7,6,3,0,0,0,0,0,More
Yohan Cabaye,Crystal Palace,Midfielder,32,4,3,7,0,0,25,7,7,13,0,0,1,0,0,More
Marcus Rashford,Manchester United,Forward,32,5,1,3,0,0,16,21,16,8,0,0,0,0,0,More
Shane Long,Southampton,Forward,32,3,1,2,0,0,10,23,22,6,0,0,1,0,0,More
Kyle Naughton,Swansea City,Defender,31,1,0,5,0,0,31,5,0,4,0,0,0,0,1,More
Cheikhou Kouyate,West Ham United,Midfielder,31,1,0,3,0,0,31,0,0,6,0,0,0,0,0,More
Marcos Alonso,Chelsea,Midfielder,31,6,3,2,0,0,30,4,1,2,0,0,0,0,0,More
Jonny Evans,West Bromwich Albion,Defender,31,2,1,8,0,0,30,1,1,2,0,0,0,0,0,More
Philippe Coutinho,Liverpool,Midfielder,31,13,7,2,0,0,28,3,3,19,0,0,0,0,0,More
Adam Lallana,Liverpool,Midfielder,31,8,7,3,0,0,27,4,4,17,0,0,0,0,0,More
Nacer Chadli,West Bromwich Albion,Midfielder,31,5,5,2,0,0,27,6,4,19,1,0,0,0,0,More
Chris Brunt,West Bromwich Albion,Midfielder,31,3,4,5,0,0,27,4,4,4,0,0,0,0,0,More
Ander Herrera,Manchester United,Midfielder,31,1,6,6,1,0,27,7,4,5,0,0,0,0,0,More
Didier Ibrahim N'Dong,Sunderland,Midfielder,31,1,0,5,0,0,27,4,4,3,0,0,0,0,0,More
Sergio Aguero,Manchester City,Forward,31,20,3,4,0,1,25,6,6,8,4,0,1,0,0,More
Tom Huddlestone,Hull City,Midfielder,31,1,0,5,0,1,23,12,8,7,1,0,0,0,1,More
Scott Arfield,Burnley,Midfielder,31,1,0,3,0,0,23,11,8,13,0,0,0,0,0,More
James Morrison,West Bromwich Albion,Midfielder,31,5,2,3,0,0,17,18,14,12,0,0,0,0,0,More
Benik Afobe,AFC Bournemouth,Forward,31,6,3,1,0,0,14,21,17,7,0,0,1,0,0,More
Winston Reid,West Ham United,Defender,30,2,2,9,1,0,30,0,0,3,0,0,0,0,0,More
Toby Alderweireld,Tottenham Hotspur,Defender,30,1,0,1,0,0,30,0,0,3,0,0,0,0,0,More
Cedric Soares,Southampton,Defender,30,0,3,7,0,0,30,0,0,5,0,0,0,0,0,More
Kasper Schmeichel,Leicester City,Goalkeeper,30,0,0,1,0,0,30,0,0,1,0,0,0,4,0,More
Harry Kane,Tottenham Hotspur,Forward,30,29,7,3,0,0,29,1,1,16,5,0,1,0,0,More
Paul Pogba,Manchester United,Midfielder,30,5,5,7,0,0,29,2,1,3,0,0,0,0,0,More
Mark Noble,West Ham United,Midfielder,30,3,0,10,0,0,29,3,1,11,1,0,1,0,0,More
Nicolas Otamendi,Manchester City,Defender,30,1,1,9,0,0,29,4,1,1,0,0,0,0,0,More
Lamine Kone,Sunderland,Defender,30,1,0,4,0,0,29,2,1,1,0,0,0,0,0,More
Glenn Whelan,Stoke City,Midfielder,30,0,1,5,0,0,26,9,4,7,0,0,0,0,1,More
Jack Cork,Swansea City,Midfielder,30,0,0,7,0,0,25,11,5,6,0,0,0,0,2,More
Stewart Downing,Middlesbrough,Midfielder,30,1,3,1,0,0,24,13,6,4,0,0,0,0,0,More
Moussa Dembele,Tottenham Hotspur,Midfielder,30,1,1,5,0,0,24,7,6,16,0,0,0,0,0,More
James Ward-Prowse,Southampton,Midfielder,30,4,4,4,0,0,22,13,8,9,0,0,0,0,0,More
Shinji Okazaki,Leicester City,Forward,30,3,1,1,0,0,21,15,9,20,0,0,0,0,0,More
Damien Delaney,Crystal Palace,Defender,30,0,2,8,0,0,21,15,9,2,0,0,0,0,0,More
Demarai Gray,Leicester City,Midfielder,30,1,3,2,0,0,9,29,21,7,0,0,0,0,0,More
Michail Antonio,West Ham United,Midfielder,29,9,3,5,1,0,29,0,0,6,0,0,0,0,0,More
Dejan Lovren,Liverpool,Defender,29,2,1,6,0,0,29,2,0,2,0,0,0,0,0,More
Wayne Hennessey,Crystal Palace,Goalkeeper,29,0,0,1,0,0,29,8,0,0,0,0,0,2,0,More
Jordan Pickford,Sunderland,Goalkeeper,29,0,0,0,0,0,29,2,0,0,0,0,0,2,0,More
Aleksandar Kolarov,Manchester City,Defender,29,1,1,6,0,0,27,11,2,0,0,0,0,0,1,More
Daniel Drinkwater,Leicester City,Midfielder,29,1,1,6,0,0,27,2,2,2,0,0,0,0,0,More
Joel Matip,Liverpool,Defender,29,1,0,3,0,0,27,4,2,0,0,0,0,0,0,More
Harry Maguire,Hull City,Defender,29,2,2,5,0,0,25,9,4,3,0,0,0,0,0,More
Nordin Amrabat,Watford,Forward,29,0,4,4,0,0,25,4,4,14,0,0,0,0,0,More
Martin Kelly,Crystal Palace,Defender,29,0,2,4,0,0,25,8,4,10,0,0,0,0,0,More
James McArthur,Crystal Palace,Midfielder,29,5,3,5,0,0,24,6,5,16,0,0,0,0,0,More
Jack Wilshere,Arsenal,Midfielder,29,0,2,4,0,0,22,9,7,7,0,0,0,0,0,More
Francis Coquelin,Arsenal,Midfielder,29,0,0,5,0,0,22,13,7,13,0,0,0,0,0,More
Alex Oxlade-Chamberlain,Arsenal,Midfielder,29,2,7,1,0,0,16,17,13,11,0,0,0,0,0,More
Francesc Fabregas,Chelsea,Midfielder,29,5,12,8,0,0,13,21,16,5,0,0,0,0,0,More
Olivier Giroud,Arsenal,Forward,29,12,3,2,0,0,11,21,18,7,0,0,0,0,0,More
Hal Robson-Kanu,West Bromwich Albion,Forward,29,3,2,3,0,0,5,27,24,4,0,0,0,0,0,More
Ryan Bertrand,Southampton,Defender,28,2,4,3,0,0,28,4,0,1,0,0,0,0,0,More
Lee Grant,Stoke City,Goalkeeper,28,0,0,1,0,0,28,7,0,0,0,0,0,0,0,More
 Victor Valdes,Middlesbrough,Goalkeeper,28,0,0,1,0,0,28,0,0,0,0,0,0,3,0,More
Simon Mignolet,Liverpool,Goalkeeper,28,0,0,0,0,0,28,10,0,0,0,2,0,2,0,More
Zlatan Ibrahimovic,Manchester United,Forward,28,17,5,7,0,0,27,1,1,0,2,0,1,0,0,More
Luis Antonio Valencia,Manchester United,Defender,28,1,3,5,0,0,27,1,1,1,0,0,0,0,0,More
John O'Shea,Sunderland,Defender,28,0,1,5,0,0,26,8,2,5,0,0,0,0,0,More
Theo Walcott,Arsenal,Forward,28,10,2,1,0,0,23,9,5,13,0,0,1,0,0,More
Ashley Barnes,Burnley,Forward,28,6,2,6,1,0,20,8,8,12,2,0,0,0,0,More
Ryan Fraser,AFC Bournemouth,Midfielder,28,3,5,3,0,0,19,13,9,13,0,0,0,0,0,More
Marouane Fellaini,Manchester United,Midfielder,28,1,0,9,0,1,18,14,10,4,0,0,0,0,0,More
Edimilson Fernandes,West Ham United,Midfielder,28,0,0,4,0,0,8,25,20,3,0,0,0,0,0,More
Alfie Mawson,Swansea City,Defender,27,4,0,1,0,0,27,3,0,0,0,0,0,0,2,More
Miguel Britos,Watford,Defender,27,1,2,8,2,0,27,1,0,3,0,0,0,0,0,More
Wes Morgan,Leicester City,Defender,27,1,0,3,0,0,27,0,0,0,0,0,0,0,0,More
Federico Fernandez,Swansea City,Defender,27,0,2,7,0,0,27,2,0,0,0,0,0,0,0,More
Sadio Mane,Liverpool,Midfielder,27,13,5,4,0,0,26,1,1,13,0,0,0,0,0,More
Matthew Phillips,West Bromwich Albion,Midfielder,27,4,8,2,0,0,26,2,1,13,0,0,0,0,0,More
Valon Behrami,Watford,Midfielder,27,0,0,7,0,0,26,5,1,9,0,0,0,0,0,More
Philip Jagielka,Everton,Defender,27,3,2,5,1,0,25,12,2,2,0,0,0,0,0,More
Billy Jones,Sunderland,Defender,27,1,0,8,0,0,25,3,2,3,0,0,0,0,0,More
Wayne Routledge,Swansea City,Midfielder,27,3,1,1,0,0,24,6,3,17,0,0,0,0,0,More
John Stones,Manchester City,Defender,27,0,0,1,0,0,23,8,4,3,0,0,0,0,0,More
Tom Cleverley,Everton,Midfielder,27,0,2,4,0,0,20,15,7,4,0,0,0,0,0,More
Daryl Janmaat,Watford,Defender,27,2,1,2,0,0,18,9,9,6,0,0,0,0,0,More
Adama Traore,Middlesbrough,Forward,27,0,1,1,0,0,16,18,11,7,0,0,0,0,0,More
Mame Biram Diouf,Stoke City,Forward,27,1,2,3,0,0,15,17,12,9,0,0,0,0,0,More
Dan Gosling,AFC Bournemouth,Midfielder,27,2,0,6,0,0,14,19,13,4,0,0,0,0,0,More
Peter Crouch,Stoke City,Forward,27,7,3,3,0,0,13,25,14,5,0,0,0,0,0,More
Vincent Janssen,Tottenham Hotspur,Forward,27,2,2,0,0,0,7,24,20,4,1,0,0,0,0,More
Seamus Coleman,Everton,Defender,26,4,3,3,0,0,26,0,0,1,0,0,0,0,0,More
Shkodran Mustafi,Arsenal,Defender,26,2,2,11,0,0,26,1,0,1,0,0,0,0,0,More
Antonio Barragan,Middlesbrough,Defender,26,0,0,5,0,0,26,4,0,3,0,0,0,0,0,More
Curtis Davies,Hull City,Defender,26,0,2,4,0,0,25,3,1,5,0,0,0,0,1,More
Aaron Cresswell,West Ham United,Defender,26,0,2,3,1,0,24,3,2,3,0,0,0,0,0,More
Leroy Sane,Manchester City,Midfielder,26,5,3,4,0,0,20,11,6,12,0,0,0,0,0,More
Alex Iwobi,Arsenal,Forward,26,3,3,1,0,0,18,17,8,14,0,0,0,0,0,More
Calum Chambers,Arsenal,Defender,25,2,1,4,0,0,25,4,0,0,0,0,0,0,0,More
Gael Clichy,Manchester City,Defender,25,1,0,2,0,0,24,11,1,3,0,0,0,0,0,More
Eric Bailly,Manchester United,Defender,25,0,0,4,0,0,24,3,1,3,0,0,0,0,0,More
Yaya Toure,Manchester City,Midfielder,25,5,0,4,0,0,22,4,3,8,2,0,0,0,0,More
Juan Mata,Manchester United,Midfielder,25,6,3,3,0,0,19,12,6,18,0,0,0,0,1,More
Anthony Martial,Manchester United,Midfielder,25,4,6,2,0,0,18,13,7,11,0,0,0,0,0,More
Jesse Lingard,Manchester United,Midfielder,25,1,2,3,0,0,18,14,7,15,0,0,0,0,0,More
Adnan Januzaj,Sunderland,Midfielder,25,0,3,4,1,0,18,13,7,8,0,0,0,0,0,More
Andre Ayew,West Ham United,Forward,25,6,3,1,0,0,16,9,9,11,0,0,0,0,0,More
Wayne Rooney,Manchester United,Forward,25,5,5,8,0,0,15,13,10,9,1,0,0,0,0,More
Jordan Ibe,AFC Bournemouth,Midfielder,25,0,0,0,0,0,13,21,12,13,0,0,0,0,0,More
Moussa Sissoko,Tottenham Hotspur,Midfielder,25,0,2,3,0,0,8,23,17,7,0,0,0,0,0,More
Jordan Henderson,Liverpool,Midfielder,24,1,4,8,0,0,24,0,0,2,0,0,0,0,0,More
James Tomkins,Crystal Palace,Defender,24,3,0,4,0,0,23,4,1,5,0,0,0,0,0,More
Jason Denayer,Sunderland,Defender,24,0,0,2,0,0,22,3,2,5,0,0,0,0,1,More
Fabio Da Silva,Middlesbrough,Defender,24,0,0,8,0,0,21,7,3,5,0,0,0,0,0,More
Gaston Ramirez,Middlesbrough,Midfielder,24,2,3,9,1,0,20,4,4,14,0,0,0,0,0,More
George Friend,Middlesbrough,Defender,24,0,2,4,0,0,20,4,4,0,0,0,0,0,0,More
Fabio Borini,Sunderland,Forward,24,2,0,5,0,0,19,7,5,5,0,0,0,0,0,More
Tom Davies,Everton,Midfielder,24,2,3,4,0,0,18,7,6,6,0,0,0,0,0,More
Charlie Adam,Stoke City,Midfielder,24,1,3,7,0,0,17,21,7,11,1,0,0,0,0,More
Daniel Amartey,Leicester City,Midfielder,24,1,1,3,0,0,17,17,7,0,0,0,0,0,0,More
Abel Hernandez,Hull City,Forward,24,4,3,0,0,0,16,10,8,10,0,0,0,0,0,More
Henrikh Mkhitaryan,Manchester United,Midfielder,24,4,1,1,0,0,15,11,9,11,0,0,0,0,0,More
Sofiane Boufal,Southampton,Midfielder,24,1,0,5,0,0,12,12,12,10,0,0,0,0,0,More
 Lucas Leiva,Liverpool,Midfielder,24,0,3,4,0,0,12,23,12,3,0,0,0,0,0,More
Jesus Navas,Manchester City,Midfielder,24,0,1,2,0,0,12,21,12,6,0,0,0,0,0,More
Jay Rodriguez,Southampton,Forward,24,5,2,0,0,0,9,22,15,6,0,0,0,0,0,More
Enner Valencia,Everton,Midfielder,24,3,1,1,0,0,8,27,16,7,0,0,0,0,0,More
Younes Kaboul,Watford,Defender,23,2,0,2,0,0,23,2,0,5,0,0,0,0,0,More
Maya Yoshida,Southampton,Defender,23,1,0,2,0,0,23,15,0,0,0,0,0,0,0,More
Glen Johnson,Stoke City,Defender,23,0,0,1,0,0,21,4,2,0,0,0,0,0,0,More
Daley Blind,Manchester United,Defender,23,1,2,2,0,0,20,15,3,2,0,0,0,0,0,More
Scott Dann,Crystal Palace,Defender,23,3,1,2,0,0,19,5,4,1,0,0,0,0,0,More
Ben Davies,Tottenham Hotspur,Defender,23,1,3,1,0,0,18,16,5,1,0,0,0,0,0,More
Michael Carrick,Manchester United,Midfielder,23,0,0,2,0,0,18,15,5,4,0,0,0,0,0,More
Cristhian Stuani,Middlesbrough,Forward,23,4,0,4,0,0,16,15,7,12,0,0,0,0,0,More
Ramiro Funes Mori,Everton,Defender,23,0,1,0,0,0,16,13,7,0,0,0,0,0,0,More
Andy King,Leicester City,Midfielder,23,1,0,4,0,0,15,22,8,5,0,0,0,0,0,More
Islam Slimani,Leicester City,Forward,23,7,4,1,0,0,13,12,10,7,1,0,0,0,0,More
Jonathan Walters,Stoke City,Forward,23,4,2,1,0,0,13,13,10,2,1,0,0,0,0,More
Aaron Ramsey,Arsenal,Midfielder,23,1,4,3,0,0,13,11,10,3,0,0,0,0,0,More
Sung-Yueng Ki,Swansea City,Midfielder,23,0,1,3,0,0,13,12,10,6,0,0,0,0,0,More
Eldin Jakupovic,Hull City,Goalkeeper,22,0,0,0,0,0,22,16,0,0,0,2,0,4,0,More
Darren Randolph,West Ham United,Goalkeeper,22,0,0,1,0,0,22,14,0,0,0,1,1,3,0,More
Claudio Bravo,Manchester City,Goalkeeper,22,0,0,0,0,0,22,8,0,1,0,1,0,0,0,More
Pedro Obiang,West Ham United,Midfielder,22,1,1,7,0,0,21,7,1,5,0,0,0,0,0,More
Andrew Surman,AFC Bournemouth,Midfielder,22,0,1,2,1,0,21,1,1,3,0,0,0,0,0,More
Michael Dawson,Hull City,Defender,22,3,0,4,0,0,19,5,3,0,0,0,0,0,1,More
James Collins,West Ham United,Defender,22,2,0,3,0,0,19,12,3,1,0,0,0,0,0,More
Pierre-Emile Hojbjerg,Southampton,Midfielder,22,0,0,2,0,0,14,20,8,6,0,0,0,0,0,More
Adama Diomande,Hull City,Forward,22,2,0,1,0,0,13,16,9,6,0,0,0,0,0,More
Xherdan Shaqiri,Stoke City,Midfielder,21,4,2,2,0,0,21,3,0,11,0,0,0,0,0,More
Dean Marney,Burnley,Midfielder,21,1,2,7,0,0,21,0,0,6,0,0,0,0,0,More
Virgil van Dijk,Southampton,Defender,21,1,0,4,1,0,21,0,0,1,0,0,0,0,0,More
Junior Stanislas,AFC Bournemouth,Midfielder,21,7,5,1,0,0,18,7,3,12,2,0,0,0,0,More
Marcos Rojo,Manchester United,Defender,21,1,0,5,0,0,18,6,3,1,0,0,0,0,0,More
Sebastian Larsson,Sunderland,Midfielder,21,0,1,4,0,1,17,6,4,5,0,0,0,0,0,More
Marc Pugh,AFC Bournemouth,Midfielder,21,2,2,1,0,0,16,9,5,10,0,0,0,0,0,More
Steven Defour,Burnley,Midfielder,21,1,3,1,0,0,16,13,5,16,0,0,0,0,0,More
Sofiane Feghouli,West Ham United,Midfielder,21,3,3,1,0,1,11,20,10,6,0,0,0,0,0,More
Ahmed Musa,Leicester City,Midfielder,21,2,0,1,0,0,7,25,14,6,0,0,0,0,0,More
Wahbi Khazri,Sunderland,Midfielder,21,1,0,6,0,0,7,26,14,3,0,0,0,0,0,More
Juan Camilo Zuniga,Watford,Defender,21,1,0,1,0,0,6,26,15,5,0,0,0,0,0,More
Harry Winks,Tottenham Hotspur,Midfielder,21,1,1,1,0,0,3,24,18,1,0,0,0,0,0,More
Angelo Obinze Ogbonna,West Ham United,Defender,20,0,0,2,0,0,20,4,0,1,0,0,0,0,0,More
Joel Robles,Everton,Goalkeeper,20,0,1,2,0,0,19,19,1,0,0,0,0,2,0,More
Jack Rodwell,Sunderland,Midfielder,20,0,1,4,0,0,17,8,3,4,0,0,0,0,0,More
Callum Wilson,AFC Bournemouth,Forward,20,6,0,0,0,0,16,6,4,14,3,0,0,0,0,More
Javi Manquillo,Sunderland,Defender,20,1,0,2,0,0,15,17,5,2,0,0,0,0,0,More
Ragnar Klavan,Liverpool,Defender,20,0,0,3,0,0,15,18,5,0,0,0,0,0,0,More
Abdoulaye Doucoure,Watford,Midfielder,20,1,0,4,0,0,14,10,6,3,0,0,0,0,0,More
Pablo Zabaleta,Manchester City,Defender,20,1,1,2,0,0,11,21,9,3,0,0,0,0,0,More
Johann Berg Gudmundsson,Burnley,Midfielder,20,1,2,1,0,0,10,14,10,7,0,0,0,0,0,More
David Meyler,Hull City,Midfielder,20,1,0,2,0,0,9,22,11,3,0,0,0,0,0,More
Daniel Sturridge,Liverpool,Forward,20,3,1,1,0,0,7,20,13,7,0,0,0,0,0,More
Kelechi Iheanacho,Manchester City,Forward,20,4,3,0,0,0,5,23,15,4,0,0,0,0,0,More
Michy Batshuayi,Chelsea,Forward,20,5,1,0,0,0,1,36,19,1,0,0,0,0,0,More
Maarten Stekelenburg,Everton,Goalkeeper,19,0,0,2,0,0,19,13,0,1,0,2,0,1,1,More
Geoff Cameron,Stoke City,Defender,19,0,1,1,0,0,18,3,1,0,0,0,0,0,0,More
Gabriel Paulista,Arsenal,Defender,19,0,0,6,0,0,15,17,4,2,0,0,0,0,0,More
Jeffrey Schlupp,Crystal Palace,Forward,19,0,0,0,0,0,12,13,7,4,0,0,0,0,0,More
Stefano Okaka,Watford,Forward,19,4,0,5,0,0,10,13,9,5,0,0,0,0,0,More
 Nolito,Manchester City,Forward,19,4,2,3,0,1,9,17,10,7,0,0,0,0,0,More
James Tarkowski,Burnley,Defender,19,0,0,1,0,0,4,34,15,0,0,0,0,0,0,More
Isaac Success,Watford,Forward,19,1,1,2,0,0,2,22,17,1,0,0,0,0,0,More
Danny Rose,Tottenham Hotspur,Defender,18,2,2,8,0,0,18,0,0,3,0,0,0,0,0,More
Phil Jones,Manchester United,Defender,18,0,0,2,0,0,18,1,0,1,0,0,0,0,0,More
Dimitri Payet,West Ham United,Midfielder,18,2,6,2,0,0,17,1,1,5,0,0,0,0,0,More
Papy Mison Djilobodji,Sunderland,Defender,18,0,0,5,1,0,17,13,1,0,0,0,0,0,0,More
Tom Carroll,Swansea City,Midfielder,18,1,2,1,0,0,16,2,2,4,0,0,0,0,0,More
Mason Holgate,Everton,Defender,18,0,1,2,0,0,16,22,2,3,0,0,0,0,0,More
Andy Carroll,West Ham United,Forward,18,7,1,3,0,0,15,4,3,6,0,0,0,0,0,More
Matteo Darmian,Manchester United,Defender,18,0,0,3,0,0,15,11,3,3,0,0,0,0,0,More
Victor Anichebe,Sunderland,Forward,18,3,0,2,0,0,14,6,4,2,0,0,0,0,0,More
Odion Ighalo,Watford,Forward,18,1,1,1,0,0,14,8,4,4,0,0,0,0,0,More
Chris Smalling,Manchester United,Defender,18,1,1,0,0,0,13,9,5,1,0,0,0,0,0,More
Joe Ledley,Crystal Palace,Midfielder,18,1,0,1,0,0,13,9,5,7,0,0,0,0,0,More
Sam Byram,West Ham United,Defender,18,0,1,6,1,0,13,9,5,2,0,0,0,0,0,More
Modou Barrow,Swansea City,Forward,18,0,2,1,0,0,12,7,6,9,0,0,0,0,0,More
Angel Rangel,Swansea City,Defender,18,1,0,1,0,0,8,19,10,1,0,0,0,0,0,More
Borja Gonzalez,Swansea City,Forward,18,1,0,0,0,0,4,24,14,1,0,0,0,0,0,More
Wilfred Ndidi,Leicester City,Midfielder,17,2,1,0,0,0,17,0,0,1,0,0,0,0,0,More
Willy Caballero,Manchester City,Goalkeeper,17,0,0,0,0,0,16,22,1,0,0,1,0,2,0,More
Jack Stephens,Southampton,Defender,17,0,1,1,0,0,15,5,2,0,0,0,0,0,0,More
Jordi Amat,Swansea City,Defender,17,0,0,5,0,0,15,16,2,0,0,0,0,0,0,More
Bacary Sagna,Manchester City,Defender,17,0,1,2,0,0,14,10,3,1,0,0,0,0,0,More
Oumar Niasse,Hull City,Forward,17,4,1,3,0,1,12,5,5,3,0,0,0,0,0,More
Morgan Schneiderlin,Everton,Midfielder,17,1,0,2,0,0,12,9,5,2,0,0,0,0,0,More
Saido Berahino,Stoke City,Forward,17,0,0,1,0,0,11,11,6,9,0,0,0,0,0,More
Adlene Guedioura,Watford,Midfielder,17,0,1,2,0,0,9,19,8,5,0,0,0,0,0,More
Ramadan Sobhi,Stoke City,Forward,17,0,1,2,0,0,8,18,9,3,0,0,0,0,0,More
 Adrian,West Ham United,Goalkeeper,16,0,0,1,0,0,16,22,0,0,0,0,1,2,0,More
Leon Britton,Swansea City,Midfielder,16,0,0,3,0,0,16,9,0,13,0,0,0,0,0,More
David Marshall,Hull City,Goalkeeper,16,0,0,0,0,0,16,19,0,0,0,0,0,7,1,More
Bryan Oviedo,Sunderland,Defender,16,0,0,4,0,0,16,5,0,3,0,0,0,0,0,More
Andrea Ranocchia,Hull City,Defender,16,2,2,2,0,0,15,1,1,1,0,0,0,0,0,More
M'Baye Niang,Watford,Forward,16,2,2,2,0,0,15,1,1,9,0,0,0,0,0,More
Jordy Clasie,Southampton,Midfielder,16,1,1,3,0,0,12,19,4,9,0,0,0,0,0,More
Ryan Mason,Hull City,Midfielder,16,1,0,4,0,0,11,9,5,7,0,0,0,0,0,More
Harvard Nordtveit,West Ham United,Defender,16,0,1,2,0,0,11,17,5,3,0,0,0,0,0,More
Danny Welbeck,Arsenal,Forward,16,2,2,0,0,0,8,8,8,6,0,0,0,0,0,More
Christian Kabasele,Watford,Defender,16,2,0,1,0,0,7,15,9,4,0,0,0,0,0,More
Jonathan Calleri,West Ham United,Forward,16,1,0,0,0,0,4,18,12,4,0,0,0,0,0,More
Rudy Gestede,Middlesbrough,Forward,16,1,0,3,0,0,4,13,12,3,0,0,0,0,0,More
Leonardo Ulloa,Leicester City,Forward,16,1,0,0,0,0,3,21,13,1,0,0,0,0,0,More
Ashley Fletcher,West Ham United,Forward,16,0,0,2,0,0,2,29,14,0,0,0,0,0,0,More
Alfred N'Diaye,Hull City,Midfielder,15,1,0,7,0,0,15,0,0,4,0,0,0,0,0,More
Martin Olsson,Swansea City,Defender,15,2,0,2,0,0,14,1,1,2,0,0,0,0,0,More
Philip Bardsley,Stoke City,Defender,15,0,0,5,1,0,14,13,1,3,0,0,0,0,0,More
Craig Cathcart,Watford,Defender,15,0,1,3,0,0,13,7,2,2,0,0,0,0,0,More
Kamil Grosicki,Hull City,Midfielder,15,0,4,1,0,0,12,3,3,5,0,0,0,0,0,More
Charlie Austin,Southampton,Forward,15,6,1,1,0,0,11,6,4,9,2,0,0,0,0,More
Steven Pienaar,Sunderland,Midfielder,15,0,0,6,1,0,10,9,5,9,0,0,0,0,0,More
Marcus Henriksen,Hull City,Midfielder,15,0,0,1,0,0,6,17,9,4,0,0,0,0,0,More
 Fernando,Manchester City,Midfielder,15,0,0,3,0,0,5,25,10,1,0,0,0,0,0,More
Chung-Yong Lee,Crystal Palace,Midfielder,15,0,1,0,0,0,4,22,11,4,0,0,0,0,0,More
Luka Milivojevic,Crystal Palace,Midfielder,14,2,0,4,0,0,14,0,0,3,2,0,0,0,0,More
Yannick Bolasie,Everton,Midfielder,14,1,4,3,0,0,12,2,2,6,0,0,0,0,0,More
Joey Barton,Burnley,Midfielder,14,1,0,4,0,0,12,2,2,1,0,0,0,0,0,More
Daniel Ayala,Middlesbrough,Defender,14,1,0,3,0,0,11,10,3,2,0,0,0,0,0,More
Duncan Watmore,Sunderland,Midfielder,14,0,2,1,0,0,11,3,3,8,0,0,0,0,0,More
Jordan Ayew,Swansea City,Forward,14,1,3,1,0,0,9,5,5,3,0,0,0,0,0,More
Mohamed Elneny,Arsenal,Midfielder,14,0,1,1,0,0,8,20,6,6,0,0,0,0,0,More
Robert Brady,Burnley,Midfielder,14,1,2,1,0,0,7,8,7,4,0,0,0,0,0,More
Patrick Bamford,Middlesbrough,Forward,14,1,0,1,0,0,2,22,12,0,0,0,0,0,0,More
Roberto Pereyra,Watford,Midfielder,13,2,2,2,0,1,12,1,1,3,0,0,0,0,0,More
Stephen Kingsley,Swansea City,Defender,13,0,0,0,0,0,12,11,1,1,0,0,0,0,0,More
Arthur Masuaku,West Ham United,Defender,13,0,1,1,0,0,11,5,2,2,0,0,0,0,0,More
Grant Leadbitter,Middlesbrough,Midfielder,13,1,0,1,0,0,7,19,6,3,0,0,0,0,0,More
Viktor Fischer,Middlesbrough,Midfielder,13,0,3,0,0,0,6,18,7,5,0,0,0,0,0,More
Branislav Ivanovic,Chelsea,Defender,13,0,0,2,0,0,6,13,7,0,0,0,0,0,0,More
Sam McQueen,Southampton,Midfielder,13,0,0,0,0,0,5,14,8,0,0,0,0,0,0,More
Luciano Narsingh,Swansea City,Forward,13,0,3,0,0,0,3,12,10,2,0,0,0,0,0,More
Jefferson Montero,Swansea City,Midfielder,13,0,1,0,0,0,2,16,11,4,0,0,0,0,0,More
Lazar Markovic,Hull City,Midfielder,12,2,0,4,0,0,12,0,0,7,0,0,0,0,0,More
Nathan Ake,AFC Bournemouth,Defender,12,3,1,1,0,0,9,19,3,0,0,0,0,0,0,More
Gianelli Imbula,Stoke City,Midfielder,12,0,0,1,0,0,9,18,3,3,0,0,0,0,1,More
Ashley Young,Manchester United,Midfielder,12,0,1,2,0,0,8,13,4,3,0,0,0,0,0,More
Dieudonne Mbokani,Hull City,Forward,12,0,1,0,0,0,8,9,4,3,0,0,0,0,0,More
James McCarthy,Everton,Midfielder,12,1,1,2,0,0,7,8,5,5,0,0,0,0,0,More
Ben Chilwell,Leicester City,Defender,12,1,0,2,0,0,7,20,5,0,0,0,0,0,0,More
Darron Gibson,Sunderland,Midfielder,12,0,0,4,0,0,7,6,5,6,0,0,0,0,0,More
Kieran Trippier,Tottenham Hotspur,Defender,12,0,5,1,0,0,6,23,6,2,0,0,0,0,0,More
Donald Love,Sunderland,Defender,12,0,1,1,0,0,6,19,6,1,0,0,0,0,0,More
Ibrahim Afellay,Stoke City,Midfielder,12,0,0,0,0,0,3,11,9,2,0,0,0,0,0,More
Alberto Moreno,Liverpool,Defender,12,0,1,1,0,0,2,36,10,0,0,0,0,0,0,More
Fraizer Campbell,Crystal Palace,Forward,12,1,0,0,0,0,0,24,12,0,0,0,0,0,0,More
Neil Taylor,Swansea City,Defender,11,0,0,1,0,0,11,3,0,2,0,0,0,0,0,More
Yohan Benalouane,Leicester City,Defender,11,0,0,4,0,0,11,3,0,4,0,0,0,0,0,More
Manolo Gabbiadini,Southampton,Forward,11,4,0,1,0,0,10,1,1,8,0,0,1,0,0,More
Vincent Kompany,Manchester City,Defender,11,3,0,5,0,0,10,10,1,3,0,0,0,0,0,More
Bernardo Espinosa,Middlesbrough,Defender,11,0,0,2,0,0,10,24,1,1,0,0,0,0,0,More
Luke Shaw,Manchester United,Defender,11,0,1,1,0,0,9,6,2,5,0,0,0,0,0,More
Jay Fulton,Swansea City,Midfielder,11,0,0,2,0,0,9,8,2,5,0,0,0,0,0,More
Kieran Gibbs,Arsenal,Defender,11,0,1,3,0,0,8,23,3,3,0,0,0,0,0,More
 Evandro,Hull City,Midfielder,11,0,0,1,0,0,7,5,4,5,0,0,0,0,0,More
Aaron Lennon,Everton,Midfielder,11,0,1,0,0,0,6,16,5,5,0,0,0,0,0,More
Dominic Calvert-Lewin,Everton,Midfielder,11,1,0,1,0,0,5,9,6,5,0,0,0,0,0,More
Gerard Deulofeu,Everton,Midfielder,11,0,0,1,0,0,4,12,7,3,0,0,0,0,0,More
Lynden Gooch,Sunderland,Midfielder,11,0,0,3,0,0,4,15,7,3,0,0,0,0,0,More
Lys Mousset,AFC Bournemouth,Midfielder,11,0,0,0,0,0,3,14,8,3,0,0,0,0,1,More
 Lucas,Arsenal,Forward,11,1,0,0,0,0,2,15,9,2,0,0,0,0,0,More
Max Gradel,AFC Bournemouth,Midfielder,11,0,0,3,0,0,0,21,11,0,0,0,0,0,0,More
Loris Karius,Liverpool,Goalkeeper,10,0,0,0,0,0,10,25,0,0,0,0,0,1,0,More
Brad Guzan,Middlesbrough,Goalkeeper,10,0,0,0,0,0,10,26,0,0,0,0,1,1,0,More
Ilkay Gundogan,Manchester City,Midfielder,10,3,1,0,0,0,9,1,1,7,0,0,0,0,0,More
Wilfried Bony,Stoke City,Forward,10,2,0,1,0,0,9,9,1,7,0,0,0,0,0,More
 Gabriel Jesus,Manchester City,Forward,10,7,4,2,0,0,8,2,2,3,1,0,0,0,0,More
Marc Muniesa,Stoke City,Defender,10,1,0,2,0,0,7,23,3,0,0,0,0,0,0,More
Mathieu Flamini,Crystal Palace,Midfielder,10,0,0,0,0,0,3,23,7,2,0,0,0,0,0,More
Nathaniel Chalobah,Chelsea,Defender,10,0,1,2,0,0,1,28,9,1,0,0,0,0,0,More
Vito Mannone,Sunderland,Goalkeeper,9,0,0,0,0,0,9,19,0,0,0,0,0,2,0,More
Rob Holding,Arsenal,Defender,9,0,0,3,0,0,9,12,0,0,0,0,0,0,0,More
Steve Mandanda,Crystal Palace,Goalkeeper,9,0,0,0,0,0,9,0,0,0,0,0,0,0,0,More
Ron-Robert Zieler,Leicester City,Goalkeeper,9,0,0,0,0,0,8,30,1,0,0,0,0,0,0,More
Erik Lamela,Tottenham Hotspur,Midfielder,9,1,1,1,0,0,6,3,3,2,0,0,1,0,0,More
John Terry,Chelsea,Defender,9,1,0,1,0,0,6,16,3,1,0,0,0,0,0,More
Ashley R Westwood,Burnley,Midfielder,9,0,0,3,0,0,6,9,3,2,0,0,0,0,0,More
Cuco Martina,Southampton,Defender,9,0,0,0,0,0,6,10,3,2,0,0,0,0,0,More
Bojan Krkic,Stoke City,Forward,9,3,0,1,0,0,5,16,4,4,2,0,1,0,0,More
 Oscar,Chelsea,Midfielder,9,0,1,1,0,0,5,8,4,4,0,0,0,0,0,More
Paddy McNair,Sunderland,Defender,9,0,0,0,0,0,5,6,4,5,0,0,0,0,1,More
Kurt Zouma,Chelsea,Defender,9,0,1,0,0,0,3,19,6,2,0,0,0,0,0,More
Shaun Maloney,Hull City,Midfielder,9,1,2,0,0,0,2,30,7,2,0,0,0,0,0,More
Craig Gardner,West Bromwich Albion,Midfielder,9,0,1,1,0,0,2,18,7,2,0,0,0,0,0,More
Jonathan Leko,West Bromwich Albion,Forward,9,0,1,0,0,0,0,26,9,1,0,0,0,0,0,More
Lee Cattermole,Sunderland,Midfielder,8,0,0,4,0,0,8,1,0,7,0,0,0,0,0,More
Mamadou Sakho,Crystal Palace,Defender,8,0,0,0,0,0,8,2,0,1,0,0,0,0,0,More
Santi Cazorla,Arsenal,Midfielder,8,2,2,2,0,0,7,1,1,2,2,0,0,0,0,More
Mike van der Hoorn,Swansea City,Defender,8,1,0,1,0,0,7,17,1,0,0,0,0,0,0,More
Omar Elabdellaoui,Hull City,Midfielder,8,0,0,0,0,0,7,3,1,2,0,0,0,0,0,More
Simone Zaza,West Ham United,Forward,8,0,0,2,0,0,5,6,3,4,0,0,0,0,0,More
Connor Wickham,Crystal Palace,Forward,8,2,0,1,0,0,4,7,4,2,0,0,0,0,0,More
Sam Field,West Bromwich Albion,Midfielder,8,0,0,2,0,0,4,18,4,3,0,0,0,0,0,More
Ademola Lookman,Everton,Forward,8,1,0,0,0,0,3,13,5,3,0,0,0,0,0,More
Nathan Dyer,Swansea City,Midfielder,8,0,1,0,0,0,3,9,5,2,0,0,0,0,0,More
Zeki Fryers,Crystal Palace,Defender,8,0,1,0,0,0,0,20,8,0,0,0,0,0,0,More
Georges-Kevin Nkoudou,Tottenham Hotspur,Midfielder,8,0,0,0,0,0,0,22,8,0,0,0,0,0,0,More
Jonas Olsson,West Bromwich Albion,Defender,7,0,0,3,0,0,7,20,0,1,0,0,0,0,0,More
Adrian Mariappa,Watford,Defender,7,0,0,0,0,0,6,11,1,0,0,0,0,0,0,More
Jan Kirchhoff,Sunderland,Midfielder,7,0,0,1,0,0,5,2,2,4,0,0,0,0,0,More
Tyrone Mings,AFC Bournemouth,Defender,7,0,0,0,0,0,5,20,2,1,0,0,0,0,2,More
Fabian Delph,Manchester City,Midfielder,7,1,0,1,0,0,2,11,5,0,0,0,0,0,0,More
Trent Alexander-Arnold,Liverpool,Defender,7,0,0,0,0,0,2,21,5,1,0,0,0,0,0,More
Josh Sims,Southampton,Midfielder,7,0,1,0,0,0,1,9,6,1,0,0,0,0,0,More
Jarrod Bowen,Hull City,Forward,7,0,0,0,0,0,1,17,6,1,0,0,0,0,0,More
Bakary Sako,Crystal Palace,Midfielder,7,0,0,0,0,0,0,21,7,0,0,0,0,0,0,More
Lewis Cook,AFC Bournemouth,Midfielder,6,0,2,1,0,0,4,5,2,1,0,0,0,0,0,More
Jon Flanagan,Burnley,Defender,6,0,0,2,0,0,3,28,3,1,0,0,0,0,0,More
Jordan Rhodes,Middlesbrough,Forward,6,0,0,0,0,0,2,12,4,1,0,0,0,0,0,More
Arouna Kone,Everton,Forward,6,0,0,0,0,0,0,9,6,0,0,0,0,0,0,More
Ruben Loftus-Cheek,Chelsea,Midfielder,6,0,0,0,0,0,0,15,6,0,0,0,0,0,0,More
Shay Given,Stoke City,Goalkeeper,5,0,0,1,0,0,5,27,0,0,0,1,0,1,1,More
Matt Targett,Southampton,Defender,5,0,0,0,0,0,5,2,0,1,0,0,0,0,0,More
Jack Butland,Stoke City,Goalkeeper,5,0,0,0,0,0,5,1,0,0,0,0,0,0,0,More
Josh Tymon,Hull City,Defender,5,0,0,1,0,0,4,13,1,4,0,0,0,0,0,More
Kevin Wimmer,Tottenham Hotspur,Defender,5,0,0,3,0,0,4,23,1,1,0,0,0,0,1,More
Will Keane,Hull City,Forward,5,0,0,0,0,0,4,4,1,3,0,0,0,0,0,More
Michel Vorm,Tottenham Hotspur,Goalkeeper,5,0,0,0,0,0,4,31,1,0,0,0,0,1,0,More
Gokhan Tore,West Ham United,Midfielder,5,0,1,0,0,0,3,3,2,3,0,0,0,0,0,More
Brad Smith,AFC Bournemouth,Defender,5,0,0,1,0,0,3,28,2,3,0,0,0,0,0,More
George Honeyman,Sunderland,Midfielder,5,0,0,1,0,0,2,13,3,1,0,0,0,0,0,More
Jerome Sinclair,Watford,Forward,5,0,0,0,0,0,1,14,4,1,0,0,0,0,0,More
Ben Woodburn,Liverpool,Forward,5,0,0,0,0,0,1,16,4,1,0,0,0,0,0,More
Loic Remy,Crystal Palace,Forward,5,0,0,0,0,0,1,6,4,1,0,0,0,0,0,More
Michael Kightly,Burnley,Midfielder,5,0,0,0,0,0,1,19,4,1,0,0,0,0,0,More
Julien Ngoy,Stoke City,Forward,5,0,0,0,0,0,0,8,5,0,0,0,0,0,0,More
Marko Grujic,Liverpool,Midfielder,5,0,0,1,0,0,0,17,5,0,0,0,0,0,0,More
Oliver McBurnie,Swansea City,Forward,5,0,0,0,0,0,0,11,5,0,0,0,0,0,0,More
Joshua Onomah,Tottenham Hotspur,Midfielder,5,0,0,0,0,0,0,15,5,0,0,0,0,0,0,More
Axel Tuanzebe,Manchester United,Defender,4,0,0,0,0,0,4,5,0,2,0,0,0,0,0,More
Nampalys Mendy,Leicester City,Midfielder,4,0,0,1,0,0,4,7,0,3,0,0,0,0,0,More
Emilio Nsue,Middlesbrough,Forward,4,0,0,0,0,0,4,7,0,2,0,0,0,0,0,More
Marc Wilson,West Bromwich Albion,Defender,4,0,0,3,0,0,3,12,1,3,0,0,0,0,0,More
Luis Hernandez,Leicester City,Defender,4,0,0,1,0,0,3,12,1,0,0,0,0,0,0,More
Diafra Sakho,West Ham United,Forward,4,1,0,0,0,0,2,3,2,2,0,0,0,0,0,More
Jeremy Pied,Southampton,Defender,4,0,0,0,0,0,1,8,3,0,0,0,0,0,0,More
Timothy Fosu-Mensah,Manchester United,Defender,4,0,0,0,0,0,1,9,3,0,0,0,0,0,0,More
Aleix Garcia,Manchester City,Midfielder,4,0,0,0,0,0,1,13,3,1,0,0,0,0,0,More
Ben Watson,Watford,Midfielder,4,0,0,0,0,1,0,19,4,0,0,0,0,0,0,More
Jordan Mutch,Crystal Palace,Midfielder,4,0,0,0,0,0,0,7,4,0,0,0,0,0,0,More
Kevin Stewart,Liverpool,Midfielder,4,0,0,0,0,0,0,9,4,0,0,0,0,0,0,More
Dave Nugent,Middlesbrough,Forward,4,0,0,0,0,0,0,9,4,0,0,0,0,0,0,More
Memphis Depay,Manchester United,Midfielder,4,0,0,1,0,0,0,5,4,0,0,0,0,0,0,More
Mauro Zarate,Watford,Forward,3,0,0,0,0,0,3,0,0,3,0,0,0,0,0,More
Kevin Long,Burnley,Defender,3,0,0,0,0,0,3,2,0,0,0,0,0,0,0,More
Paul Robinson,Burnley,Goalkeeper,3,0,0,0,0,0,3,27,0,0,0,0,0,0,0,More
Pape Souare,Crystal Palace,Defender,3,0,0,0,0,0,3,0,0,1,0,0,0,0,0,More
Brendan Galloway,West Bromwich Albion,Defender,3,0,0,0,0,0,3,14,0,1,0,0,0,0,0,More
Matthew Pennington,Everton,Defender,3,1,0,0,0,0,2,7,1,1,0,0,0,0,0,More
Alvaro Arbeloa,West Ham United,Defender,3,0,0,3,0,0,1,2,2,0,0,0,0,0,0,More
Harrison Reed,Southampton,Midfielder,3,0,0,0,0,0,1,10,2,1,0,0,0,0,0,More
Lewis Grabban,AFC Bournemouth,Forward,3,0,1,0,0,0,0,3,3,0,0,0,0,0,0,More
Dan Agyei,Burnley,Forward,3,0,0,0,0,0,0,8,3,0,0,0,0,0,0,More
Temitayo Aina,Chelsea,Defender,3,0,0,0,0,0,0,11,3,0,0,0,0,0,0,More
Aiden O'Neill,Burnley,Midfielder,3,0,0,0,0,0,0,8,3,0,0,0,0,0,0,More
Emiliano Martinez,Arsenal,Goalkeeper,2,0,0,0,0,0,2,3,0,0,0,0,0,1,0,More
Asmir Begovic,Chelsea,Goalkeeper,2,0,0,0,0,0,2,36,0,0,0,0,0,0,0,More
Philipp Wollscheid,Stoke City,Defender,2,0,0,1,0,0,2,0,0,0,0,0,0,0,0,More
Sergio Romero,Manchester United,Goalkeeper,2,0,0,0,0,0,2,35,0,0,0,1,0,0,0,More
Adam Federici,AFC Bournemouth,Goalkeeper,2,0,0,1,0,0,2,20,0,0,0,0,1,0,0,More
Albert Adomah,Middlesbrough,Midfielder,2,0,0,0,0,0,1,1,1,0,0,0,0,0,0,More
David Ospina,Arsenal,Goalkeeper,2,0,0,0,0,0,1,33,1,0,0,0,0,0,0,More
Brandon Mason,Watford,Defender,2,0,0,0,0,0,1,7,1,0,0,0,0,0,0,More
 Kenedy,Watford,Midfielder,2,0,0,0,0,0,1,3,1,1,0,0,0,0,0,More
Joleon Lescott,Sunderland,Defender,2,0,0,0,0,0,1,8,1,0,0,0,0,0,0,More
Scott McTominay,Manchester United,Forward,2,0,0,1,0,0,1,4,1,0,0,0,0,0,0,More
Oviemuno Ejaria,Liverpool,Midfielder,2,0,0,0,0,0,0,10,2,0,0,0,0,0,0,More
Costel Pantilimon,Watford,Goalkeeper,2,0,0,0,0,0,0,33,2,0,0,0,0,0,0,More
Dion Pereira,Watford,Midfielder,2,0,0,0,0,0,0,5,2,0,0,0,0,0,0,More
Jeremain Lens,Sunderland,Forward,2,0,0,0,0,0,0,3,2,0,0,0,0,0,0,More
Lukasz Jutkiewicz,Burnley,Forward,2,0,0,0,0,0,0,3,2,0,0,0,0,0,0,More
Josh Harrop,Manchester United,Midfielder,1,1,0,0,0,0,1,0,0,0,0,0,0,0,0,More
David Jones,Burnley,Midfielder,1,0,0,1,0,0,1,0,0,1,0,0,0,0,0,More
Joel Pereira,Manchester United,Goalkeeper,1,0,0,0,0,0,1,2,0,0,0,0,0,0,0,More
Kristoffer Nordfeldt,Swansea City,Goalkeeper,1,0,0,0,0,0,1,37,0,0,0,0,0,0,0,More
James Husband,Middlesbrough,Defender,1,0,0,0,0,0,1,0,0,1,0,0,0,0,0,More
Martin Caceres,Southampton,Defender,1,0,0,0,0,0,1,12,0,0,0,0,0,0,0,More
Mile Jedinak,Crystal Palace,Midfielder,1,0,0,0,0,0,1,0,0,0,0,0,0,0,0,More
Marcin Wasilewski,Leicester City,Defender,1,0,0,0,0,0,1,7,0,0,0,0,0,0,0,More
Demetri Mitchell,Manchester United,Defender,1,0,0,0,0,0,1,2,0,0,0,0,0,0,0,More
Carl Jenkinson,Arsenal,Defender,1,0,0,0,0,0,1,1,0,1,0,0,0,0,0,More
Ryan Allsop,AFC Bournemouth,Goalkeeper,1,0,0,0,0,0,1,17,0,0,0,0,0,0,0,More
Mathieu Debuchy,Arsenal,Defender,1,0,0,0,0,0,1,0,0,1,0,0,0,0,0,More
Filip Lesniak,Tottenham Hotspur,Midfielder,1,0,1,0,0,0,0,2,1,0,0,0,0,0,0,More
Jonathan Benteke,Crystal Palace,Forward,1,0,0,0,0,0,0,1,1,0,0,0,0,0,0,More
Matthew James,Leicester City,Midfielder,1,0,0,0,0,0,0,2,1,0,0,0,0,0,0,More
Samir Nasri,Manchester City,Midfielder,1,0,0,0,0,0,0,1,1,0,0,0,0,0,0,More
Per Mertesacker,Arsenal,Defender,1,0,0,0,0,0,0,4,1,0,0,0,0,0,0,More
Matej Vydra,Watford,Forward,1,0,0,0,0,0,0,2,1,0,0,0,0,0,0,More
Ricky Lambert,West Bromwich Albion,Forward,1,0,0,0,0,0,0,3,1,0,0,0,0,0,0,More
Michael Folivi,Watford,Forward,1,0,0,0,0,0,0,2,1,0,0,0,0,0,0,More
Angel Gomes,Manchester United,Midfielder,1,0,0,0,0,0,0,1,1,0,0,0,0,0,0,More
Baily Cargill,AFC Bournemouth,Defender,1,0,0,0,0,0,0,11,1,0,0,0,0,0,0,More
Ikechi Anya,Watford,Midfielder,1,0,0,0,0,0,0,2,1,0,0,0,0,0,0,More
Jonjoe Kenny,Everton,Defender,1,0,0,0,0,0,0,8,1,0,0,0,0,0,0,More
Sullay Kaikai,Crystal Palace,Forward,1,0,0,0,0,0,0,6,1,0,0,0,0,0,0,More
Joel Asoro,Sunderland,Midfielder,1,0,0,0,0,0,0,9,1,0,0,0,0,0,0,More
Andrew Eleftheriou,Watford,Defender,1,0,0,0,0,0,0,8,1,0,0,0,0,0,0,More
Declan Rice,West Ham United,Defender,1,0,0,0,0,0,0,6,1,0,0,0,0,0,0,More
Ainsley Maitland-Niles,Arsenal,Midfielder,1,0,0,0,0,0,0,8,1,0,0,0,0,0,0,More
Matt Worthington,AFC Bournemouth,Midfielder,1,0,0,0,0,0,0,1,1,0,0,0,0,0,0,More
Dusan Kuciak,Hull City,Goalkeeper,0,0,0,0,0,0,0,3,0,0,0,0,0,0,0,More
Chuba Akpom,Arsenal,Forward,0,0,0,0,0,0,0,1,0,0,0,0,0,0,0,More
Ethan Robson,Sunderland,Midfielder,0,0,0,0,0,0,0,2,0,0,0,0,0,0,0,More
Cameron Carter-Vickers,Tottenham Hotspur,Defender,0,0,0,0,0,0,0,16,0,0,0,0,0,0,0,More
Greg Luer,Hull City,Forward,0,0,0,0,0,0,0,2,0,0,0,0,0,0,0,More
Giedrius Arlauskis,Watford,Goalkeeper,0,0,0,0,0,0,0,5,0,0,0,0,0,0,0,More
Michael Ledger,Sunderland,Defender,0,0,0,0,0,0,0,1,0,0,0,0,0,0,0,More
Mateusz Hewelt,Everton,Goalkeeper,0,0,0,0,0,0,0,6,0,0,0,0,0,0,0,More
Alex Baptiste,Middlesbrough,Defender,0,0,0,0,0,0,0,2,0,0,0,0,0,0,0,More
Reece Burke,West Ham United,Defender,0,0,0,0,0,0,0,2,0,0,0,0,0,0,0,More
Ben Hamer,Leicester City,Goalkeeper,0,0,0,0,0,0,0,8,0,0,0,0,0,0,0,More
Carl Stewart,Watford,Midfielder,0,0,0,0,0,0,0,2,0,0,0,0,0,0,0,More
Alex Manninger,Liverpool,Goalkeeper,0,0,0,0,0,0,0,3,0,0,0,0,0,0,0,More
Elliott Moore,Leicester City,Defender,0,0,0,0,0,0,0,1,0,0,0,0,0,0,0,More
Dael Fry,Middlesbrough,Defender,0,0,0,0,0,0,0,4,0,0,0,0,0,0,0,More
Jeff Reine-Adelaide,Arsenal,Forward,0,0,0,0,0,0,0,7,0,0,0,0,0,0,0,More
Tendayi Darikwa,Burnley,Defender,0,0,0,0,0,0,0,18,0,0,0,0,0,0,0,More
 Eduardo,Chelsea,Goalkeeper,0,0,0,0,0,0,0,2,0,0,0,0,0,0,0,More
Samuel Shashoua,Tottenham Hotspur,Midfielder,0,0,0,0,0,0,0,1,0,0,0,0,0,0,0,More
Alex McCarthy,Southampton,Goalkeeper,0,0,0,0,0,0,0,9,0,0,0,0,0,0,0,More
Fredrik Ulvestad,Burnley,Midfielder,0,0,0,0,0,0,0,1,0,0,0,0,0,0,0,More
Domingos Quina,West Ham United,Midfielder,0,0,0,0,0,0,0,12,0,0,0,0,0,0,0,More
Aaron Ramsdale,AFC Bournemouth,Goalkeeper,0,0,0,0,0,0,0,1,0,0,0,0,0,0,0,More
Bastian Schweinsteiger,Manchester United,Midfielder,0,0,0,0,0,0,0,4,0,0,0,0,0,0,0,More
Josh Robson,Sunderland,Defender,0,0,0,0,0,0,0,1,0,0,0,0,0,0,0,More
Rhian Brewster,Liverpool,Forward,0,0,0,0,0,0,0,1,0,0,0,0,0,0,0,More
Luke Dreher,Crystal Palace,Forward,0,0,0,0,0,0,0,1,0,0,0,0,0,0,0,More
Nick Pope,Burnley,Goalkeeper,0,0,0,0,0,0,0,11,0,0,0,0,0,0,0,More
Raphael Spiegel,West Ham United,Goalkeeper,0,0,0,0,0,0,0,2,0,0,0,0,0,0,0,More
Alex Palmer,West Bromwich Albion,Goalkeeper,0,0,0,0,0,0,0,5,0,0,0,0,0,0,0,More
Thibaud Verlinden,Stoke City,Midfielder,0,0,0,0,0,0,0,2,0,0,0,0,0,0,0,More
Pau Lopez,Tottenham Hotspur,Goalkeeper,0,0,0,0,0,0,0,5,0,0,0,0,0,0,0,More
Jack Rose,West Bromwich Albion,Goalkeeper,0,0,0,0,0,0,0,1,0,0,0,0,0,0,0,More
Greg Olley,Hull City,Midfielder,0,0,0,0,0,0,0,5,0,0,0,0,0,0,0,More
Matthew Willock,Manchester United,Midfielder,0,0,0,0,0,0,0,2,0,0,0,0,0,0,0,More
Sam Surridge,AFC Bournemouth,Forward,0,0,0,0,0,0,0,1,0,0,0,0,0,0,0,More
Aaron Wan-Bissaka,Crystal Palace,Forward,0,0,0,0,0,0,0,3,0,0,0,0,0,0,0,More
Daniel Batty,Hull City,Midfielder,0,0,0,0,0,0,0,1,0,0,0,0,0,0,0,More
 Mika,Sunderland,Goalkeeper,0,0,0,0,0,0,0,16,0,0,0,0,0,0,0,More
Nathan Holland,West Ham United,Midfielder,0,0,0,0,0,0,0,1,0,0,0,0,0,0,0,More
Jakob Haugaard,Stoke City,Goalkeeper,0,0,0,0,0,0,0,3,0,0,0,0,0,0,0,More
Matt Macey,Arsenal,Goalkeeper,0,0,0,0,0,0,0,2,0,0,0,0,0,0,0,More
Tom Edwards,Stoke City,Defender,0,0,0,0,0,0,0,1,0,0,0,0,0,0,0,More
Harry Lewis,Southampton,Goalkeeper,0,0,0,0,0,0,0,1,0,0,0,0,0,0,0,More
Adam Reach,Middlesbrough,Midfielder,0,0,0,0,0,0,0,1,0,0,0,0,0,0,0,More
Moses Makasi,West Ham United,Midfielder,0,0,0,0,0,0,0,2,0,0,0,0,0,0,0,More
Angus Gunn,Manchester City,Goalkeeper,0,0,0,0,0,0,0,5,0,0,0,0,0,0,0,More
Julian Speroni,Crystal Palace,Goalkeeper,0,0,0,0,0,0,0,30,0,0,0,0,0,0,0,More
Jake Hesketh,Southampton,Midfielder,0,0,0,0,0,0,0,1,0,0,0,0,0,0,0,More
Rekeem Harper,West Bromwich Albion,Midfielder,0,0,0,0,0,0,0,3,0,0,0,0,0,0,0,More
Ben Wynter,Crystal Palace,Defender,0,0,0,0,0,0,0,1,0,0,0,0,0,0,0,More
Julien De Sart,Middlesbrough,Midfielder,0,0,0,0,0,0,0,3,0,0,0,0,0,0,0,More
Tom Robson,Sunderland,Defender,0,0,0,0,0,0,0,2,0,0,0,0,0,0,0,More
Joe Williams,Everton,Midfielder,0,0,0,0,0,0,0,5,0,0,0,0,0,0,0,More
Zachary Dearnley,Manchester United,Midfielder,0,0,0,0,0,0,0,1,0,0,0,0,0,0,0,More
Tommy Hoban,Watford,Defender,0,0,0,0,0,0,0,1,0,0,0,0,0,0,0,More
Gerhard Tremmel,Swansea City,Goalkeeper,0,0,0,0,0,0,0,1,0,0,0,0,0,0,0,More
Daniel James,Swansea City,Midfielder,0,0,0,0,0,0,0,1,0,0,0,0,0,0,0,More
Maksymilian Stryjek,Sunderland,Goalkeeper,0,0,0,0,0,0,0,1,0,0,0,0,0,0,0,More
Daniel Kemp,West Ham United,Midfielder,0,0,0,0,0,0,0,1,0,0,0,0,0,0,0,More
Noor Husin,Crystal Palace,Midfielder,0,0,0,0,0,0,0,4,0,0,0,0,0,0,0,More
Josh Clackstone,Hull City,Defender,0,0,0,0,0,0,0,3,0,0,0,0,0,0,0,More
Marcus Browne,West Ham United,Midfielder,0,0,0,0,0,0,0,2,0,0,0,0,0,0,0,More
Dimitrios Konstantopoulos,Middlesbrough,Goalkeeper,0,0,0,0,0,0,0,12,0,0,0,0,0,0,0,More
Rene Gilmartin,Watford,Goalkeeper,0,0,0,0,0,0,0,1,0,0,0,0,0,0,0,More
Freddie Ladapo,Crystal Palace,Forward,0,0,0,0,0,0,0,2,0,0,0,0,0,0,0,More
Muhamed Besic,Everton,Midfielder,0,0,0,0,0,0,0,2,0,0,0,0,0,0,0,More
Olufela Olomola,Southampton,Forward,0,0,0,0,0,0,0,2,0,0,0,0,0,0,0,More
Ben Hinchliffe,Hull City,Forward,0,0,0,0,0,0,0,1,0,0,0,0,0,0,0,More
James Weir,Hull City,Midfielder,0,0,0,0,0,0,0,14,0,0,0,0,0,0,0,More
Boaz Myhill,West Bromwich Albion,Goalkeeper,0,0,0,0,0,0,0,32,0,0,0,0,0,0,0,More
Lloyd Isgrove,Southampton,Midfielder,0,0,0,0,0,0,0,1,0,0,0,0,0,0,0,More
Bartosz Kapustka,Leicester City,Midfielder,0,0,0,0,0,0,0,8,0,0,0,0,0,0,0,More
Luke McGee,Tottenham Hotspur,Goalkeeper,0,0,0,0,0,0,0,2,0,0,0,0,0,0,0,More
Kane Wilson,West Bromwich Albion,Defender,0,0,0,0,0,0,0,8,0,0,0,0,0,0,0,More
Harry Wilson,Liverpool,Midfielder,0,0,0,0,0,0,0,1,0,0,0,0,0,0,0,More
Florian Gardos,Southampton,Defender,0,0,0,0,0,0,0,3,0,0,0,0,0,0,0,More
Connor Roberts,Swansea City,Defender,0,0,0,0,0,0,0,2,0,0,0,0,0,0,0,More
Hiram Boateng,Crystal Palace,Midfielder,0,0,0,0,0,0,0,1,0,0,0,0,0,0,0,More
Tosin Adarabioyo,Manchester City,Defender,0,0,0,0,0,0,0,1,0,0,0,0,0,0,0,More
Pablo Maffeo,Manchester City,Defender,0,0,0,0,0,0,0,2,0,0,0,0,0,0,0,More
Joseph Gomez,Liverpool,Defender,0,0,0,0,0,0,0,5,0,0,0,0,0,0,0,More
Joel Taylor,Stoke City,Defender,0,0,0,0,0,0,0,1,0,0,0,0,0,0,0,More
Stuart Taylor,Southampton,Goalkeeper,0,0,0,0,0,0,0,15,0,0,0,0,0,0,0,More
Dominic Solanke,Chelsea,Forward,0,0,0,0,0,0,0,1,0,0,0,0,0,0,0,More
Connor Randall,Liverpool,Defender,0,0,0,0,0,0,0,1,0,0,0,0,0,0,0,More
Keshi Anderson,Crystal Palace,Forward,0,0,0,0,0,0,0,2,0,0,0,0,0,0,0,More
Alex Pike,West Ham United,Defender,0,0,0,0,0,0,0,2,0,0,0,0,0,0,0,More
Josh Maja,Sunderland,Forward,0,0,0,0,0,0,0,4,0,0,0,0,0,0,0,More
Kieran O'Hara,Manchester United,Goalkeeper,0,0,0,0,0,0,0,1,0,0,0,0,0,0,0,More
Joe Hart,Manchester City,Goalkeeper,0,0,0,0,0,0,0,3,0,0,0,0,0,0,0,More
Mouez Hassen,Southampton,Goalkeeper,0,0,0,0,0,0,0,13,0,0,0,0,0,0,0,More
Reece Oxford,West Ham United,Midfielder,0,0,0,0,0,0,0,8,0,0,0,0,0,0,0,More
Michael Phillips,Crystal Palace,Midfielder,0,0,0,0,0,0,0,2,0,0,0,0,0,0,0,More
Charlie Rowan,Watford,Defender,0,0,0,0,0,0,0,1,0,0,0,0,0,0,0,More
Elliot Embleton,Sunderland,Midfielder,0,0,0,0,0,0,0,6,0,0,0,0,0,0,0,More
